season,total_runs
2007,309.2586206896552
2009,301.1623931623932
2011,293.02777777777777
2012,303.4189189189189
2013,297.39473684210526
2014,315.51666666666665
2015,315.1578947368421
2016,314.3666666666667
2017,318.40677966101697
2018,331.68333333333334
2019,327.64406779661016
2020,323.6
2021,310.6166666666667
2022,329.6621621621622
2023,350.17808219178085
2024,365.7887323943662
